검색어,순위,글제목
위례고국어,14,"위례 국어 (송현 국어 학원 ) - 예비고1, 예비중2 개강 (12월 4일)"
위례고국어내신,4,위례한빛고등학교 - 한빛고 국어1학년 내신 분석 (2021년 1학기 1차 지필평가)
한빛고국어,4,위례국어학원 - 한빛고 2학년 중간고사 국어 내신 분석 2021년 1학기 1차 지필평가(중간고사)
한빛고국어내신,2,위례국어학원 - 한빛고 2학년 중간고사 국어 내신 분석 2021년 1학기 1차 지필평가(중간고사)
덕수고국어,순위없음,게시물없음
덕수고국어내신,순위없음,게시물없음
위례덕수고 국어,3,좋은 학습태도! 국어 성적을 올린다!
위례중앙중 국어,1,[위례중앙중 국어] 독후감(시하와 칸타의 장: 마트 이야기)
위례중앙중학교 국어,4,[위례중앙중 국어] 독후감(시하와 칸타의 장: 마트 이야기)
위례중앙중 국어학원,2,[위례중앙중 국어] 독후감(시하와 칸타의 장: 마트 이야기)
한빛중 국어,4,위례한빛고등학교 - 한빛고 국어1학년 내신 분석 (2021년 1학기 1차 지필평가)
위례한빛중 국어,1,위례한빛고등학교 - 한빛고 국어1학년 내신 분석 (2021년 1학기 1차 지필평가)
한빛중 국어학원,7,[한빛고등학교] 지은선생이 이야기 해주는 중·고등학생이 알면 좋은 지식 - 한빛고국어 내신전문 학원...
위례중 국어,20,[위례국어학원] 시험을 잘 보기를 바라는 마음에서
위례중학교 국어,3,위례중학교 3학년 2020학년도 2학기 국어 기말고사 기출분석 및 기말고사 대비 (위례국어학원 송현학원)
위례중 국어학원,10,[위례국어학원] 시험을 잘 보기를 바라는 마음에서
송례중 국어,1,(송례중학교) 송례중내신 중2국어 중간고사 기출분석 및 기말고사 대비 2020학년2학기
위례송례중 국어,2,[위례수학학원] 2020학년 송례중 2학년2학기 수학기말고사 분석
송례중 국어학원,2,(송례중학교) 송례중내신 중2국어 중간고사 기출분석 및 기말고사 대비 2020학년2학기
위례국어,18,"위례 국어 (송현 국어 학원 ) - 예비고1, 예비중2 개강 (12월 4일)"
위례국어학원,11,"위례 국어 (송현 국어 학원 ) - 예비고1, 예비중2 개강 (12월 4일)"
위례고등국어,25,"중·고등학생이 알면 좋은 인문학 지식 - 역사편①... 직선적시간관 (위례고국어, 한빛고국어 등 고등국어내..."
위례고등국어학원,30,위례국어학원 - 송현국어학원 2021학년도 2학기 기말고사 준비! 및 시간표
위례중등국어,순위없음,게시물없음
위례중등국어학원,25,"위례 국어 (송현 국어 학원 ) - 예비고1, 예비중2 개강 (12월 4일)"
위례수능국어,11,위례국어학원 - 한빛고 2학년 중간고사 국어 내신 분석 2021년 1학기 1차 지필평가(중간고사)
위례수능국어학원,9,위례국어학원 - 한빛고 2학년 중간고사 국어 내신 분석 2021년 1학기 1차 지필평가(중간고사)
위례독서논술,순위없음,게시물없음
위례중앙타워 국어,6,"위례 국어 (송현 국어 학원 ) - 예비고1, 예비중2 개강 (12월 4일)"
위례중앙타워 국어학원,15,"위례 국어 (송현 국어 학원 ) - 예비고1, 예비중2 개강 (12월 4일)"
위례중앙타워 송현국어,1,"위례 국어 (송현 국어 학원 ) - 예비고1, 예비중2 개강 (12월 4일)"
위례동국어,순위없음,게시물없음
위례동국어학원,순위없음,게시물없음
성남국어,순위없음,게시물없음
성남국어학원,순위없음,게시물없음
수정구국어,순위없음,게시물없음
수정구국어학원,순위없음,게시물없음
창곡동국어,순위없음,게시물없음
창곡동국어학원,23,[창곡동국어학원] 위례송현학원 여름방학 3주완성 문법특강!
장지동국어,순위없음,게시물없음
장지동국어학원,순위없음,게시물없음
위례고수학,순위없음,게시물없음
위례고수학내신,순위없음,게시물없음
한빛고수학,순위없음,게시물없음
한빛고수학내신,순위없음,게시물없음
덕수고수학,순위없음,게시물없음
덕수고수학내신,순위없음,게시물없음
위례덕수고 수학,순위없음,게시물없음
위례중앙중 수학,순위없음,게시물없음
위례중앙중학교 수학,순위없음,게시물없음
위례중앙중 수학학원,28,[위례수학학원] 2021학년도 후기 특목자사고 입시일정 안내
한빛중 수학,순위없음,게시물없음
위례한빛중 수학,순위없음,게시물없음
한빛중 수학학원,순위없음,게시물없음
위례중 수학,20,[위례수학학원] 2022학년도 서울지역 후기 특목자사고 경쟁률 분석
위례중학교 수학,29,[위례수학학원] 중등 수학 2학기 내신의 중요성2
위례중 수학학원,13,[위례수학학원] 2022학년도 서울지역 후기 특목자사고 경쟁률 분석
송례중 수학,4,[위례수학학원] 2020학년 송례중 2학년2학기 수학기말고사 분석
위례송례중 수학,3,[위례수학학원] 2020학년 송례중 2학년2학기 수학기말고사 분석
송례중 수학학원,3,[위례수학학원] 2020학년 송례중 2학년2학기 수학기말고사 분석
위례수학,순위없음,게시물없음
위례수학학원,순위없음,게시물없음
위례고등수학,순위없음,게시물없음
위례고등수학학원,25,[위례수학학원] 2022학년도 서울지역 후기 특목자사고 경쟁률 분석
위례중등수학,21,[위례수학학원] 중등 수학 2학기 내신의 중요성2
위례중등수학학원,13,[위례수학학원] 중등 수학 2학기 내신의 중요성2
위례초등수학,14,[위례초등수학] 2021년 전기 전국 초·중·고 영어/수학 학력경시대회
위례초등수학학원,순위없음,게시물없음
위례경시,1,"[위례수학학원] 영재고, 과학고 입시 변경 소식 - 경시대회 준비반의 부활?"
위례경시대회,1,"[위례수학학원] 영재고, 과학고 입시 변경 소식 - 경시대회 준비반의 부활?"
위례영재교육,2,[위례수학학원] 2020년에 실시된 영재교육에 대한 통계분석
위례중앙타워 수학,순위없음,게시물없음
위례중앙타워 수학학원,순위없음,게시물없음
위례중앙타워 하늘교육,4,"위례 국어 (송현 국어 학원 ) - 예비고1, 예비중2 개강 (12월 4일)"
위례중앙타워 학원,순위없음,게시물없음
위례동수학,순위없음,게시물없음
위례동수학학원,순위없음,게시물없음
성남수학,순위없음,게시물없음
성남수학학원,순위없음,게시물없음
수정구수학,순위없음,게시물없음
수정구수학학원,순위없음,게시물없음
창곡동수학,순위없음,게시물없음
창곡동수학학원,19,[창곡동 수학학원] 올해 영재학교 입학전형안 확정!!
장지동수학,순위없음,게시물없음
장지동수학학원,순위없음,게시물없음
